admn224x-mac17,mangion1,Apple Mac OS X 10.10.5 (14F2511),Adobe Animate CC 2017,13
admn224x-mac17,mangion1,Apple Mac OS X 10.10.5 (14F2511),Adobe Dreamweaver CC 2017,13
admn224x-mac17,wook1,Apple Mac OS X 10.10.5 (14F2511),Adobe Animate CC 2017,12
admn224x-mac17,wook1,Apple Mac OS X 10.10.5 (14F2511),Adobe Audition CC 2017,12
admn224x-mac17,mangion1,Apple Mac OS X 10.10.5 (14F2511),Adobe Audition CC 2017,13
admn224x-mac17,wook1,Apple Mac OS X 10.10.5 (14F2511),Adobe After Effects CC 2017,12
admn224x-mac17,sandbor1,Apple Mac OS X 10.10.5 (14F2511),Adobe Animate CC 2017,11
admn224x-mac17,sandbor1,Apple Mac OS X 10.10.5 (14F2511),Adobe After Effects CC 2017,11
admn224x-mac18,ceriaj,Apple Mac OS X 10.10.5 (14F2109),Adobe Animate CC 2017,3
admn224x-mac18,sekara,Apple Mac OS X 10.10.5 (14F2109),Adobe Audition CC 2017,5
admn224x-mac18,dowdiez,Apple Mac OS X 10.10.5 (14F2109),Adobe Bridge CC 2017,11
admn224x-mac18,masonk3,Apple Mac OS X 10.10.5 (14F2109),Adobe InCopy CC 2017,13
admn224x-mac18,masonk3,Apple Mac OS X 10.10.5 (14F2109),Adobe Dreamweaver CC 2017,13
admn224x-mac18,masonk3,Apple Mac OS X 10.10.5 (14F2109),Adobe Bridge CC 2017,13