12741-J59VT6,cheeverd,Illustrator CC,Microsoft Windows NT Workstation 10.0,3/19/2018 12:13
13628-T9QQ32,Lauerj,Illustrator CC,Microsoft Windows NT Workstation 10.0,3/27/2018 17:20
14124-M52M32,bradyj2,Illustrator CC,Microsoft Windows NT Workstation 10.0,3/19/2018 16:52
14283-T6TDC2,medinady,Premiere Pro CC,Microsoft Windows NT Workstation 10.0,3/19/2018 17:10
14347-FFPB42,mcgillk,Photoshop CC,Microsoft Windows NT Workstation 10.0,3/19/2018 15:48
15480-XLFCH2,frashure,InDesign CC,Microsoft Windows NT Workstation 10.0,3/19/2018 16:10
15485-X3GCH2,bertia,InDesign CC,Microsoft Windows NT Workstation 10.0,3/23/2018 4:43
15495-XKDCH2,tagall,InDesign CC,Microsoft Windows NT Workstation 10.0,3/26/2018 20:31
15511-RJXVF2,callessm,Photoshop CC,Microsoft Windows NT Workstation 10.0,3/19/2018 15:46
15624-LJXVF2,kingt,Photoshop CC,Microsoft Windows NT Workstation 10.0,3/22/2018 17:03
15710-85FKH2,bystromk,InDesign CC,Microsoft Windows NT Workstation 10.0,3/19/2018 15:54
15717-80DKH2,dominick,Illustrator CC,Microsoft Windows NT Workstation 10.0,3/16/2018 1:55
15756-83FKH2,sulliv80,InDesign CC,Microsoft Windows NT Workstation 10.0,3/15/2018 20:50
15760-83GKH2,teegardj,InDesign CC,Microsoft Windows NT Workstation 10.0,3/19/2018 16:30
15766-86JHH2,carsont,Character Animator CC,Microsoft Windows NT Workstation 10.0,3/19/2018 17:16
15810-V6GKH2,housing2,InDesign CC,Microsoft Windows NT Workstation 10.0,3/26/2018 2:25
15813-V6FKH2,langenha,Photoshop CC,Microsoft Windows NT Workstation 10.0,3/25/2018 1:11
15829-86FHH2,hearnm,Illustrator CC,Microsoft Windows NT Workstation 10.0,3/24/2018 21:16
15844-86HHH2,deguzma1,Illustrator CC,Microsoft Windows NT Workstation 10.0,3/13/2018 0:45
15950-81FKH2,moffatm,Photoshop CC,Microsoft Windows NT Workstation 10.0,3/25/2018 4:27
15962-7ZCHH2,bradle11,InDesign CC,Microsoft Windows NT Workstation 10.0,3/19/2018 16:11
15969-7XFHH2,reish,Illustrator CC,Microsoft Windows NT Workstation 10.0,3/23/2018 0:21
15979-V0DHH2,chanj,Illustrator CC,Microsoft Windows NT Workstation 10.0,3/25/2018 8:16
15994-7ZDHH2,eversoch,Photoshop CC,Microsoft Windows NT Workstation 10.0,3/22/2018 17:59
16008-82DKH2,reynoldj,Photoshop CC,Microsoft Windows NT Workstation 10.0,3/19/2018 15:50
16022-V3DKH2,brownm32,InDesign CC,Microsoft Windows NT Workstation 10.0,3/19/2018 19:01
16042-8CM0G2,mcdowell,Photoshop CC,Microsoft Windows NT Workstation 10.0,3/20/2018 19:08
16063-6MM0G2,rayr,Dreamweaver CC,Microsoft Windows NT Workstation 10.0,3/22/2018 20:39
16065-7MM0G2,liy,Photoshop CC,Microsoft Windows NT Workstation 10.0,3/26/2018 18:38
16066-2MM0G2,huangsu,InDesign CC,Microsoft Windows NT Workstation 10.0,3/19/2018 16:36
16067-Y5M0G2,marypete,Photoshop CC,Microsoft Windows NT Workstation 10.0,3/19/2018 17:35
16097-1WK0G2,velezi,Dreamweaver CC,Microsoft Windows NT Workstation 10.0,3/22/2018 16:03
16100-56M0G2,rossgr,Fireworks CS6,Microsoft Windows NT Workstation 10.0,3/20/2018 15:01
16104-JSM0G2,malu,InCopy CC,Microsoft Windows NT Workstation 10.0,3/26/2018 17:41
16117-26W6H2,pharisc,Illustrator CC,Microsoft Windows NT Workstation 10.0,3/22/2018 17:50
16126-6MJ0G2,kanterc,Photoshop CC,Microsoft Windows NT Workstation 10.0,3/21/2018 15:35
16138-82JHH2,gregorna,Photoshop CC,Microsoft Windows NT Workstation 10.0,3/19/2018 15:34
16256-02M0G2,ledesmagia,Bridge CC,Microsoft Windows NT Workstation 10.0,3/22/2018 17:09
16342-2SL0G2,decrocet,After Effects CC,Microsoft Windows NT Workstation 10.0,3/19/2018 16:20
16408-GJYZHK2,branigal,InDesign CC,Microsoft Windows NT Workstation 10.0,3/19/2018 16:09
16421-XXX0M2,kaserr,Scout CC,Microsoft Windows NT Workstation 10.0,3/24/2018 19:53
16425-XYK7M2,smolard,Photoshop CC,Microsoft Windows NT Workstation 10.0,
16431-YJN7M2,yooh,Fireworks CS6,Microsoft Windows NT Workstation 10.0,3/18/2018 0:04
16434-YDT7M2,privbrianl,Scout CC,Microsoft Windows NT Workstation 10.0,3/19/2018 16:56
16441-YHQ7M2,pascualr,Photoshop CC,Microsoft Windows NT Workstation 10.0,3/26/2018 8:51
ADMN10X-CDHM12,trujilma,Bridge CC,Microsoft Windows NT Workstation 6.1,2/5/2018 19:05
ADMN114X-DS4N32,clarrya,Illustrator CC,Microsoft Windows NT Workstation 6.1,3/27/2018 8:35
ADMN120X-06HG12,solarikl,InDesign CC,Microsoft Windows NT Workstation 6.1,3/23/2018 15:48
ADMN120X-CB6HG1,callanac,Photoshop CC,Microsoft Windows NT Workstation 6.1,3/22/2018 22:48
ADMN120X-M4QS32,chapmank,InDesign CC,Microsoft Windows NT Workstation 6.1,3/19/2018 20:25
BANN203-J751XN,led7,Illustrator CC,Microsoft Windows NT Workstation 10.0,3/22/2018 8:37
BANN203-J751XT,beeryp1,Illustrator CC,Microsoft Windows NT Workstation 10.0,3/20/2018 16:03
BANN203-J751YG,dangm5,Illustrator CC,Microsoft Windows NT Workstation 10.0,3/23/2018 20:10
BANN203-J751YH,vuh8,Illustrator CC,Microsoft Windows NT Workstation 10.0,3/22/2018 3:26
BANN203-J751YV,mohamudm,Illustrator CC,Microsoft Windows NT Workstation 10.0,3/23/2018 15:58
BANN203-J751YX,trann23,Illustrator CC,Microsoft Windows NT Workstation 10.0,3/24/2018 14:29
BANN203-J751ZL,trann23,Illustrator CC,Microsoft Windows NT Workstation 10.0,3/24/2018 12:59
BANN204-J751XL,taylor26,Illustrator CC,Microsoft Windows NT Workstation 10.0,3/21/2018 11:27
BANN204-J751XR,furtonr,Illustrator CC,Microsoft Windows NT Workstation 10.0,3/27/2018 12:08
BANN204-J751YA,trann23,Illustrator CC,Microsoft Windows NT Workstation 10.0,3/21/2018 7:40
BANN204-J751YM,burgid,Illustrator CC,Microsoft Windows NT Workstation 10.0,3/22/2018 10:00
BANN204-J751ZB,caballe4,Illustrator CC,Microsoft Windows NT Workstation 10.0,3/26/2018 4:37
BANN204-J751ZM,almoser,Illustrator CC,Microsoft Windows NT Workstation 10.0,3/23/2018 0:36
BANN204-J751ZV,gulartej,Illustrator CC,Microsoft Windows NT Workstation 10.0,3/19/2018 4:00
BANN204-J752AA,trann23,Illustrator CC,Microsoft Windows NT Workstation 10.0,3/21/2018 1:33
BANN204-J752AB,kalmusj1,Illustrator CC,Microsoft Windows NT Workstation 10.0,3/20/2018 3:20
BANN205-J751XY,brewerc2,Illustrator CC,Microsoft Windows NT Workstation 10.0,3/20/2018 0:30
BANN205-J751YB,bosse,Illustrator CC,Microsoft Windows NT Workstation 10.0,3/23/2018 22:20
BANN205-J751YP,oharaj1,Illustrator CC,Microsoft Windows NT Workstation 10.0,3/21/2018 7:50
BANN205-J751YR,masonh1,Illustrator CC,Microsoft Windows NT Workstation 10.0,3/22/2018 13:16
BANN205-J751ZC,hartleyr,Illustrator CC,Microsoft Windows NT Workstation 10.0,3/24/2018 20:29
BANN205-J751ZR,vurkacm,Illustrator CC,Microsoft Windows NT Workstation 10.0,3/25/2018 7:18
BANN205-J751ZT,alyamiy,Illustrator CC,Microsoft Windows NT Workstation 10.0,3/22/2018 15:32
BANN205-J751ZW,carregh1,Illustrator CC,Microsoft Windows NT Workstation 10.0,3/22/2018 18:28
BANN207-J751XP,snodderl,Illustrator CC,Microsoft Windows NT Workstation 10.0,3/18/2018 18:38
BANN207-J751YD,winartoi,Illustrator CC,Microsoft Windows NT Workstation 10.0,3/24/2018 15:26
BANN207-J751YK,bosse,Illustrator CC,Microsoft Windows NT Workstation 10.0,3/24/2018 8:13
BANN207-J751YL,deand,Illustrator CC,Microsoft Windows NT Workstation 10.0,3/25/2018 4:15
BANN207-J751YT,doant1,Illustrator CC,Microsoft Windows NT Workstation 10.0,3/26/2018 5:19
BANN207-J751YZ,winartoi,Illustrator CC,Microsoft Windows NT Workstation 10.0,3/27/2018 16:41
BANN207-J751ZH,grobd,Illustrator CC,Microsoft Windows NT Workstation 10.0,3/25/2018 18:58
BANN207-J751ZK,doant1,Illustrator CC,Microsoft Windows NT Workstation 10.0,3/24/2018 5:08
BANN207-J751ZX,nishinak,Illustrator CC,Microsoft Windows NT Workstation 10.0,3/24/2018 6:47
BANN207-J751ZZ,engj3,Illustrator CC,Microsoft Windows NT Workstation 10.0,3/22/2018 22:46
BANN210-7WXQF2,masonc1,Illustrator CC,Microsoft Windows NT Workstation 10.0,2/12/2018 23:49
BANN210-DYVDH2,masonc1,Illustrator CC,Microsoft Windows NT Workstation 10.0,3/19/2018 8:30
BANN210-DYWDH2,masonc1,Illustrator CC,Microsoft Windows NT Workstation 10.0,3/23/2018 16:31
BANN210-DYXDH2,Laser210,Illustrator CC,Microsoft Windows NT Workstation 10.0,3/25/2018 18:22
BANN210-F1SRF2,vurkacm,Illustrator CC,Microsoft Windows NT Workstation 10.0,3/9/2018 13:53
BANN210-GJHPD2,bankhear,Illustrator CC,Microsoft Windows NT Workstation 10.0,3/18/2018 19:29
BANN216-J751ZA,alyamiy,Illustrator CC,Microsoft Windows NT Workstation 10.0,3/27/2018 9:34
BANN219-WTBHK2,privfernandes,Illustrator CC,Microsoft Windows NT Workstation 10.0,12/29/2017 11:17
CAMP100H-C7NB42,albertt,Illustrator CC,Microsoft Windows NT Workstation 6.1 (Tablet Edition),2/2/2018 9:43
CASY100X-FQNK52,fullera4,Illustrator CC,Microsoft Windows NT Workstation 6.1,3/22/2018 20:26
CASY120X-FNMB42,newelll,Photoshop CC,Microsoft Windows NT Workstation 6.1,3/19/2018 20:08
CHRY100X-1RGKH1,otism,InDesign CC,Microsoft Windows NT Workstation 6.1,3/19/2018 15:21
CLMB100X-JF2SD2,stoffela,Photoshop CC,Microsoft Windows NT Workstation 10.0,3/27/2018 15:49
CLMB105X-JRVZXR,saracenim,Photoshop CC,Microsoft Windows NT Workstation 10.0,3/25/2018 20:07
CLMB106C-FHPB42,privjohn,Fuse CC,Microsoft Windows NT Workstation 10.0,1/26/2018 17:38
CLMB114X-JWFDZE,mtnguyen,Premiere Pro CC,Microsoft Windows NT Workstation 10.0,3/20/2018 1:05
CLMB200X-6VMY12,burnsd,InDesign CC,Microsoft Windows NT Workstation 6.1,3/26/2018 14:29
GARR202X-QVQQ32,severson,Photoshop CC,Microsoft Windows NT Workstation 6.1,3/19/2018 14:44
GARR300X-JWFEAB,milleben,InDesign CC,Microsoft Windows NT Workstation 6.1,3/16/2018 21:23
HUNT219X-D8CPL0,gregoryn,InDesign CC,Microsoft Windows NT Workstation 6.1,3/19/2018 15:01
HUNT232B-D8FNL0,hunthauh,Illustrator CC,Microsoft Windows NT Workstation 6.1,3/19/2018 16:52
HUNT232X-D81QL0,dahlinc1,Illustrator CC,Microsoft Windows NT Workstation 6.1,3/21/2018 15:17
LEML361X-DYLB42,frakesc,Photoshop CC,Microsoft Windows NT Workstation 6.1,2/15/2018 15:06
LOYA210X-JPYH49,ohnon,InDesign CC,Microsoft Windows NT Workstation 6.1,3/22/2018 23:25
LOYA401X-WFSL52,beigid,Premiere Pro CC,Microsoft Windows NT Workstation 6.1,3/19/2018 19:27
LOYA500X-J59VW5,silverb,Photoshop CC,Microsoft Windows NT Workstation 6.1,3/18/2018 21:37
LYNN303C-1JMYY1,jphilpot,InDesign CC,Microsoft Windows NT Workstation 6.1,3/23/2018 18:02
OBRN100X-RZ5XZ1,theem,Premiere Pro CC,Microsoft Windows NT Workstation 6.1,3/19/2018 18:20
PAVL150X-8Z1RKP,camperag,Photoshop CC,Microsoft Windows NT Workstation 6.1,3/19/2018 15:17
PIGT312X-F5NB42,jugast,Illustrator CC,Microsoft Windows NT Workstation 6.1,3/19/2018 16:06
USVC204X-L00003,anthonem,After Effects CC,Microsoft Windows NT Workstation 6.1,3/26/2018 18:08
